TimeID,Date,Weekday,Holiday,Month,Semester,Year
0,2020-05-30,Saturday,False,2020-05,1,2020
1,2019-12-30,Monday,False,2019-12,2,2019
2,2020-03-03,Tuesday,False,2020-03,1,2020
3,2021-01-02,Saturday,False,2021-01,1,2021
4,2020-07-13,Monday,False,2020-07,2,2020
5,2021-02-28,Sunday,False,2021-02,1,2021
6,2020-02-23,Sunday,False,2020-02,1,2020
7,2020-11-26,Thursday,False,2020-11,2,2020
8,2019-11-04,Monday,False,2019-11,2,2019
9,2021-02-05,Friday,False,2021-02,1,2021
10,2020-06-22,Monday,False,2020-06,2,2020
11,2020-02-21,Friday,False,2020-02,1,2020
12,2020-11-29,Sunday,False,2020-11,2,2020
13,2021-03-02,Tuesday,False,2021-03,1,2021
14,2020-03-10,Tuesday,False,2020-03,1,2020
15,2020-11-28,Saturday,False,2020-11,2,2020
16,2020-12-03,Thursday,False,2020-12,2,2020
17,2021-01-07,Thursday,False,2021-01,1,2021
18,2019-12-16,Monday,False,2019-12,2,2019
19,2020-08-07,Friday,False,2020-08,2,2020
20,2019-12-05,Thursday,False,2019-12,2,2019
21,2020-12-20,Sunday,False,2020-12,2,2020
22,2019-11-29,Friday,False,2019-11,2,2019
23,2019-12-23,Monday,False,2019-12,2,2019
24,2020-05-13,Wednesday,False,2020-05,1,2020
25,2020-10-16,Friday,False,2020-10,2,2020
26,2020-06-20,Saturday,False,2020-06,2,2020
27,2019-11-30,Saturday,False,2019-11,2,2019
28,2020-06-30,Tuesday,False,2020-06,2,2020
29,2020-12-01,Tuesday,False,2020-12,2,2020
30,2020-04-18,Saturday,False,2020-04,1,2020
31,2021-01-12,Tuesday,False,2021-01,1,2021
32,2020-10-23,Friday,False,2020-10,2,2020
33,2020-08-30,Sunday,False,2020-08,2,2020
34,2020-01-06,Monday,True,2020-01,1,2020
35,2019-11-14,Thursday,False,2019-11,2,2019
36,2021-01-12,Tuesday,False,2021-01,1,2021
37,2019-10-31,Thursday,False,2019-10,2,2019
38,2020-06-27,Saturday,False,2020-06,2,2020
39,2020-03-04,Wednesday,False,2020-03,1,2020
40,2020-11-10,Tuesday,False,2020-11,2,2020
41,2021-01-29,Friday,False,2021-01,1,2021
42,2020-03-18,Wednesday,False,2020-03,1,2020
43,2020-12-22,Tuesday,False,2020-12,2,2020
44,2020-09-14,Monday,False,2020-09,2,2020
45,2020-10-01,Thursday,False,2020-10,2,2020
46,2020-07-14,Tuesday,False,2020-07,2,2020
47,2020-06-21,Sunday,False,2020-06,2,2020
48,2021-01-30,Saturday,False,2021-01,1,2021
49,2020-08-23,Sunday,False,2020-08,2,2020
50,2020-09-26,Saturday,False,2020-09,2,2020
51,2020-01-14,Tuesday,False,2020-01,1,2020
52,2019-10-27,Sunday,False,2019-10,2,2019
53,2021-01-02,Saturday,False,2021-01,1,2021
54,2020-08-07,Friday,False,2020-08,2,2020
55,2019-12-09,Monday,False,2019-12,2,2019
56,2020-04-23,Thursday,False,2020-04,1,2020
57,2019-12-18,Wednesday,False,2019-12,2,2019
58,2020-05-10,Sunday,False,2020-05,1,2020
59,2020-08-21,Friday,False,2020-08,2,2020
60,2020-09-20,Sunday,False,2020-09,2,2020
61,2020-09-22,Tuesday,False,2020-09,2,2020
62,2020-03-23,Monday,False,2020-03,1,2020
63,2020-05-20,Wednesday,False,2020-05,1,2020
64,2019-11-15,Friday,False,2019-11,2,2019
65,2019-12-07,Saturday,False,2019-12,2,2019
66,2020-12-10,Thursday,False,2020-12,2,2020
67,2019-12-09,Monday,False,2019-12,2,2019
68,2020-02-23,Sunday,False,2020-02,1,2020
69,2020-08-18,Tuesday,False,2020-08,2,2020
70,2019-12-07,Saturday,False,2019-12,2,2019
71,2019-11-20,Wednesday,False,2019-11,2,2019
72,2020-01-27,Monday,False,2020-01,1,2020
73,2020-12-26,Saturday,True,2020-12,2,2020
74,2020-05-08,Friday,False,2020-05,1,2020
75,2020-10-05,Monday,False,2020-10,2,2020
76,2020-07-06,Monday,False,2020-07,2,2020
77,2020-04-11,Saturday,False,2020-04,1,2020
78,2020-03-09,Monday,False,2020-03,1,2020
79,2020-04-18,Saturday,False,2020-04,1,2020
80,2020-07-29,Wednesday,False,2020-07,2,2020
81,2020-07-13,Monday,False,2020-07,2,2020
82,2020-01-10,Friday,False,2020-01,1,2020
83,2020-10-06,Tuesday,False,2020-10,2,2020
84,2019-12-26,Thursday,True,2019-12,2,2019
85,2020-02-23,Sunday,False,2020-02,1,2020
86,2021-01-17,Sunday,False,2021-01,1,2021
87,2020-04-04,Saturday,False,2020-04,1,2020
88,2021-02-07,Sunday,False,2021-02,1,2021
89,2020-08-13,Thursday,False,2020-08,2,2020
90,2020-04-01,Wednesday,False,2020-04,1,2020
91,2020-05-30,Saturday,False,2020-05,1,2020
92,2020-03-17,Tuesday,False,2020-03,1,2020
93,2021-01-26,Tuesday,False,2021-01,1,2021
94,2020-09-20,Sunday,False,2020-09,2,2020
95,2020-08-29,Saturday,False,2020-08,2,2020
96,2020-04-27,Monday,False,2020-04,1,2020
97,2019-11-09,Saturday,False,2019-11,2,2019
98,2020-12-21,Monday,False,2020-12,2,2020
99,2020-06-04,Thursday,False,2020-06,2,2020
100,2020-07-18,Saturday,False,2020-07,2,2020
101,2019-11-06,Wednesday,False,2019-11,2,2019
102,2020-03-17,Tuesday,False,2020-03,1,2020
103,2020-12-26,Saturday,True,2020-12,2,2020
104,2020-12-16,Wednesday,False,2020-12,2,2020
105,2020-01-04,Saturday,False,2020-01,1,2020
106,2020-09-14,Monday,False,2020-09,2,2020
107,2020-12-12,Saturday,False,2020-12,2,2020
108,2021-02-03,Wednesday,False,2021-02,1,2021
109,2021-01-13,Wednesday,False,2021-01,1,2021
110,2020-08-27,Thursday,False,2020-08,2,2020
111,2020-01-19,Sunday,False,2020-01,1,2020
112,2021-01-01,Friday,True,2021-01,1,2021
113,2020-10-10,Saturday,False,2020-10,2,2020
114,2020-06-21,Sunday,False,2020-06,2,2020
115,2019-12-31,Tuesday,False,2019-12,2,2019
116,2020-08-24,Monday,False,2020-08,2,2020
117,2020-02-21,Friday,False,2020-02,1,2020
118,2020-02-27,Thursday,False,2020-02,1,2020
119,2020-03-30,Monday,False,2020-03,1,2020
120,2020-08-04,Tuesday,False,2020-08,2,2020
121,2020-07-10,Friday,False,2020-07,2,2020
122,2020-10-27,Tuesday,False,2020-10,2,2020
123,2019-12-08,Sunday,True,2019-12,2,2019
124,2020-07-29,Wednesday,False,2020-07,2,2020
125,2021-01-21,Thursday,False,2021-01,1,2021
126,2020-08-20,Thursday,False,2020-08,2,2020
127,2020-06-23,Tuesday,False,2020-06,2,2020
128,2019-10-30,Wednesday,False,2019-10,2,2019
129,2020-06-04,Thursday,False,2020-06,2,2020
130,2020-03-28,Saturday,False,2020-03,1,2020
131,2021-02-18,Thursday,False,2021-02,1,2021
132,2020-08-26,Wednesday,False,2020-08,2,2020
133,2020-10-22,Thursday,False,2020-10,2,2020
134,2020-02-18,Tuesday,False,2020-02,1,2020
135,2020-06-06,Saturday,False,2020-06,2,2020
136,2020-12-07,Monday,False,2020-12,2,2020
137,2020-04-01,Wednesday,False,2020-04,1,2020
138,2020-06-28,Sunday,False,2020-06,2,2020
139,2019-11-17,Sunday,False,2019-11,2,2019
140,2020-04-06,Monday,False,2020-04,1,2020
141,2019-12-08,Sunday,True,2019-12,2,2019
142,2020-11-29,Sunday,False,2020-11,2,2020
143,2020-03-17,Tuesday,False,2020-03,1,2020
144,2020-10-28,Wednesday,False,2020-10,2,2020
145,2020-09-01,Tuesday,False,2020-09,2,2020
146,2020-01-24,Friday,False,2020-01,1,2020
147,2020-04-30,Thursday,False,2020-04,1,2020
148,2020-02-23,Sunday,False,2020-02,1,2020
149,2020-06-25,Thursday,False,2020-06,2,2020
150,2020-02-09,Sunday,False,2020-02,1,2020
151,2020-09-28,Monday,False,2020-09,2,2020
152,2020-05-21,Thursday,False,2020-05,1,2020
153,2020-08-22,Saturday,False,2020-08,2,2020
154,2020-12-13,Sunday,False,2020-12,2,2020
155,2020-05-19,Tuesday,False,2020-05,1,2020
156,2019-12-11,Wednesday,False,2019-12,2,2019
157,2020-09-09,Wednesday,False,2020-09,2,2020
158,2020-08-03,Monday,False,2020-08,2,2020
159,2020-03-09,Monday,False,2020-03,1,2020
160,2019-11-06,Wednesday,False,2019-11,2,2019
161,2020-11-26,Thursday,False,2020-11,2,2020
162,2020-01-29,Wednesday,False,2020-01,1,2020
163,2020-12-20,Sunday,False,2020-12,2,2020
164,2020-08-07,Friday,False,2020-08,2,2020
165,2020-04-01,Wednesday,False,2020-04,1,2020
166,2020-12-13,Sunday,False,2020-12,2,2020
167,2020-09-28,Monday,False,2020-09,2,2020
168,2020-08-02,Sunday,False,2020-08,2,2020
169,2021-02-18,Thursday,False,2021-02,1,2021
170,2020-08-10,Monday,False,2020-08,2,2020
171,2020-12-06,Sunday,False,2020-12,2,2020
172,2020-03-13,Friday,False,2020-03,1,2020
173,2020-05-12,Tuesday,False,2020-05,1,2020
174,2020-05-22,Friday,False,2020-05,1,2020
175,2020-06-17,Wednesday,False,2020-06,2,2020
176,2020-01-20,Monday,False,2020-01,1,2020
177,2020-10-17,Saturday,False,2020-10,2,2020
178,2020-08-14,Friday,False,2020-08,2,2020
179,2020-05-15,Friday,False,2020-05,1,2020
180,2019-12-19,Thursday,False,2019-12,2,2019
181,2020-07-27,Monday,False,2020-07,2,2020
182,2019-12-09,Monday,False,2019-12,2,2019
183,2020-10-01,Thursday,False,2020-10,2,2020
184,2019-12-25,Wednesday,True,2019-12,2,2019
185,2021-01-10,Sunday,False,2021-01,1,2021
186,2020-03-19,Thursday,False,2020-03,1,2020
187,2020-03-07,Saturday,False,2020-03,1,2020
188,2021-01-22,Friday,False,2021-01,1,2021
189,2020-06-22,Monday,False,2020-06,2,2020
190,2021-03-01,Monday,False,2021-03,1,2021
191,2021-01-10,Sunday,False,2021-01,1,2021
192,2021-01-02,Saturday,False,2021-01,1,2021
193,2020-04-25,Saturday,True,2020-04,1,2020
194,2020-11-08,Sunday,False,2020-11,2,2020
195,2020-09-15,Tuesday,False,2020-09,2,2020
196,2020-06-07,Sunday,False,2020-06,2,2020
197,2020-01-15,Wednesday,False,2020-01,1,2020
198,2020-01-14,Tuesday,False,2020-01,1,2020
199,2020-11-24,Tuesday,False,2020-11,2,2020
200,2020-08-18,Tuesday,False,2020-08,2,2020
201,2020-02-07,Friday,False,2020-02,1,2020
202,2020-02-26,Wednesday,False,2020-02,1,2020
203,2020-03-06,Friday,False,2020-03,1,2020
204,2020-08-01,Saturday,False,2020-08,2,2020
205,2020-12-29,Tuesday,False,2020-12,2,2020
206,2019-12-29,Sunday,False,2019-12,2,2019
207,2020-04-25,Saturday,True,2020-04,1,2020
208,2020-01-03,Friday,False,2020-01,1,2020
209,2021-03-01,Monday,False,2021-03,1,2021
210,2019-10-30,Wednesday,False,2019-10,2,2019
211,2021-01-22,Friday,False,2021-01,1,2021
212,2020-02-09,Sunday,False,2020-02,1,2020
213,2020-06-27,Saturday,False,2020-06,2,2020
214,2020-08-18,Tuesday,False,2020-08,2,2020
215,2020-05-25,Monday,False,2020-05,1,2020
216,2020-03-20,Friday,False,2020-03,1,2020
217,2020-10-12,Monday,False,2020-10,2,2020
218,2020-12-07,Monday,False,2020-12,2,2020
219,2020-07-18,Saturday,False,2020-07,2,2020
220,2020-07-22,Wednesday,False,2020-07,2,2020
221,2020-06-05,Friday,False,2020-06,2,2020
222,2020-09-29,Tuesday,False,2020-09,2,2020
223,2020-08-06,Thursday,False,2020-08,2,2020
224,2020-06-13,Saturday,False,2020-06,2,2020
225,2020-02-14,Friday,False,2020-02,1,2020
226,2020-04-15,Wednesday,False,2020-04,1,2020
227,2020-07-09,Thursday,False,2020-07,2,2020
228,2020-08-31,Monday,False,2020-08,2,2020
229,2020-04-18,Saturday,False,2020-04,1,2020
230,2019-12-17,Tuesday,False,2019-12,2,2019
231,2020-01-18,Saturday,False,2020-01,1,2020
232,2020-07-16,Thursday,False,2020-07,2,2020
233,2020-10-06,Tuesday,False,2020-10,2,2020
234,2020-04-09,Thursday,False,2020-04,1,2020
235,2021-02-20,Saturday,False,2021-02,1,2021
236,2020-09-20,Sunday,False,2020-09,2,2020
237,2021-02-21,Sunday,False,2021-02,1,2021
238,2020-10-07,Wednesday,False,2020-10,2,2020
239,2020-01-24,Friday,False,2020-01,1,2020
240,2021-02-10,Wednesday,False,2021-02,1,2021
241,2019-10-29,Tuesday,False,2019-10,2,2019
242,2020-06-22,Monday,False,2020-06,2,2020
243,2019-11-09,Saturday,False,2019-11,2,2019
244,2020-06-09,Tuesday,False,2020-06,2,2020
245,2020-12-18,Friday,False,2020-12,2,2020
246,2020-09-28,Monday,False,2020-09,2,2020
247,2020-04-26,Sunday,False,2020-04,1,2020
248,2019-12-22,Sunday,False,2019-12,2,2019
249,2020-12-20,Sunday,False,2020-12,2,2020
250,2020-05-04,Monday,False,2020-05,1,2020
251,2020-10-28,Wednesday,False,2020-10,2,2020
252,2020-05-26,Tuesday,False,2020-05,1,2020
253,2021-01-30,Saturday,False,2021-01,1,2021
254,2020-08-10,Monday,False,2020-08,2,2020
255,2020-03-05,Thursday,False,2020-03,1,2020
256,2020-10-29,Thursday,False,2020-10,2,2020
257,2020-07-22,Wednesday,False,2020-07,2,2020
258,2019-11-04,Monday,False,2019-11,2,2019
259,2021-02-27,Saturday,False,2021-02,1,2021
260,2020-03-12,Thursday,False,2020-03,1,2020
261,2020-04-13,Monday,True,2020-04,1,2020
262,2021-01-21,Thursday,False,2021-01,1,2021
263,2020-12-30,Wednesday,False,2020-12,2,2020
264,2020-07-06,Monday,False,2020-07,2,2020
265,2020-01-10,Friday,False,2020-01,1,2020
266,2020-03-14,Saturday,False,2020-03,1,2020
267,2020-01-10,Friday,False,2020-01,1,2020
268,2021-02-27,Saturday,False,2021-02,1,2021
269,2020-08-24,Monday,False,2020-08,2,2020
270,2021-01-12,Tuesday,False,2021-01,1,2021
271,2019-11-30,Saturday,False,2019-11,2,2019
272,2020-07-31,Friday,False,2020-07,2,2020
273,2020-06-06,Saturday,False,2020-06,2,2020
274,2019-11-17,Sunday,False,2019-11,2,2019
275,2020-04-03,Friday,False,2020-04,1,2020
276,2019-11-12,Tuesday,False,2019-11,2,2019
277,2020-11-25,Wednesday,False,2020-11,2,2020
278,2020-07-08,Wednesday,False,2020-07,2,2020
279,2020-10-17,Saturday,False,2020-10,2,2020
280,2020-12-10,Thursday,False,2020-12,2,2020
281,2020-08-22,Saturday,False,2020-08,2,2020
282,2020-10-18,Sunday,False,2020-10,2,2020
283,2020-09-07,Monday,False,2020-09,2,2020
284,2020-03-14,Saturday,False,2020-03,1,2020
285,2020-10-01,Thursday,False,2020-10,2,2020
286,2021-02-19,Friday,False,2021-02,1,2021
287,2020-03-29,Sunday,False,2020-03,1,2020
288,2020-06-16,Tuesday,False,2020-06,2,2020
289,2020-04-10,Friday,False,2020-04,1,2020
290,2020-05-28,Thursday,False,2020-05,1,2020
291,2020-01-12,Sunday,False,2020-01,1,2020
292,2021-01-05,Tuesday,False,2021-01,1,2021
293,2020-04-19,Sunday,False,2020-04,1,2020
294,2020-06-22,Monday,False,2020-06,2,2020
295,2020-09-12,Saturday,False,2020-09,2,2020
296,2019-12-16,Monday,False,2019-12,2,2019
297,2019-12-27,Friday,False,2019-12,2,2019
298,2020-08-12,Wednesday,False,2020-08,2,2020
299,2021-02-08,Monday,False,2021-02,1,2021
300,2020-09-08,Tuesday,False,2020-09,2,2020
301,2020-03-03,Tuesday,False,2020-03,1,2020
302,2020-01-01,Wednesday,True,2020-01,1,2020
303,2020-10-09,Friday,False,2020-10,2,2020
304,2020-02-28,Friday,False,2020-02,1,2020
305,2019-12-23,Monday,False,2019-12,2,2019
306,2021-01-17,Sunday,False,2021-01,1,2021
307,2021-01-04,Monday,False,2021-01,1,2021
308,2020-09-17,Thursday,False,2020-09,2,2020
309,2020-10-09,Friday,False,2020-10,2,2020
310,2021-01-11,Monday,False,2021-01,1,2021
311,2020-03-30,Monday,False,2020-03,1,2020
312,2019-12-08,Sunday,True,2019-12,2,2019
313,2020-11-13,Friday,False,2020-11,2,2020
314,2020-10-27,Tuesday,False,2020-10,2,2020
315,2020-01-21,Tuesday,False,2020-01,1,2020
316,2021-01-18,Monday,False,2021-01,1,2021
317,2020-03-30,Monday,False,2020-03,1,2020
318,2021-01-10,Sunday,False,2021-01,1,2021
319,2019-11-30,Saturday,False,2019-11,2,2019
320,2020-02-12,Wednesday,False,2020-02,1,2020
321,2020-03-19,Thursday,False,2020-03,1,2020
322,2020-10-27,Tuesday,False,2020-10,2,2020
323,2020-05-16,Saturday,False,2020-05,1,2020
324,2021-01-21,Thursday,False,2021-01,1,2021
325,2020-04-29,Wednesday,False,2020-04,1,2020
326,2020-05-23,Saturday,False,2020-05,1,2020
327,2020-11-26,Thursday,False,2020-11,2,2020
328,2020-05-30,Saturday,False,2020-05,1,2020
329,2020-12-15,Tuesday,False,2020-12,2,2020
330,2019-12-23,Monday,False,2019-12,2,2019
331,2020-12-27,Sunday,False,2020-12,2,2020
332,2020-02-27,Thursday,False,2020-02,1,2020
333,2020-10-11,Sunday,False,2020-10,2,2020
334,2020-10-16,Friday,False,2020-10,2,2020
335,2020-12-25,Friday,True,2020-12,2,2020
336,2020-12-08,Tuesday,True,2020-12,2,2020
337,2020-10-29,Thursday,False,2020-10,2,2020
338,2019-12-04,Wednesday,False,2019-12,2,2019
339,2020-07-03,Friday,False,2020-07,2,2020
340,2021-02-22,Monday,False,2021-02,1,2021
341,2020-08-07,Friday,False,2020-08,2,2020
342,2019-12-26,Thursday,True,2019-12,2,2019
343,2020-03-04,Wednesday,False,2020-03,1,2020
344,2019-12-02,Monday,False,2019-12,2,2019
345,2020-01-27,Monday,False,2020-01,1,2020
346,2020-05-06,Wednesday,False,2020-05,1,2020
347,2020-09-18,Friday,False,2020-09,2,2020
348,2020-04-24,Friday,False,2020-04,1,2020
349,2020-09-08,Tuesday,False,2020-09,2,2020
350,2020-09-09,Wednesday,False,2020-09,2,2020
351,2020-11-06,Friday,False,2020-11,2,2020
352,2019-12-15,Sunday,False,2019-12,2,2019
353,2020-10-17,Saturday,False,2020-10,2,2020
354,2020-05-18,Monday,False,2020-05,1,2020
355,2020-07-18,Saturday,False,2020-07,2,2020
356,2020-06-16,Tuesday,False,2020-06,2,2020
357,2020-12-20,Sunday,False,2020-12,2,2020
358,2019-12-30,Monday,False,2019-12,2,2019
359,2021-01-09,Saturday,False,2021-01,1,2021
360,2020-07-10,Friday,False,2020-07,2,2020
361,2020-07-09,Thursday,False,2020-07,2,2020
362,2020-04-01,Wednesday,False,2020-04,1,2020
363,2020-05-20,Wednesday,False,2020-05,1,2020
364,2020-08-20,Thursday,False,2020-08,2,2020
365,2020-02-01,Saturday,False,2020-02,1,2020
366,2020-05-15,Friday,False,2020-05,1,2020
367,2020-12-09,Wednesday,False,2020-12,2,2020
368,2020-11-06,Friday,False,2020-11,2,2020
369,2020-04-17,Friday,False,2020-04,1,2020
370,2020-01-31,Friday,False,2020-01,1,2020
371,2020-11-15,Sunday,False,2020-11,2,2020
372,2020-02-26,Wednesday,False,2020-02,1,2020
373,2021-02-02,Tuesday,False,2021-02,1,2021
374,2019-12-07,Saturday,False,2019-12,2,2019
375,2019-12-18,Wednesday,False,2019-12,2,2019
376,2020-09-12,Saturday,False,2020-09,2,2020
377,2020-08-16,Sunday,False,2020-08,2,2020
378,2020-06-19,Friday,False,2020-06,2,2020
379,2020-12-13,Sunday,False,2020-12,2,2020
380,2019-12-27,Friday,False,2019-12,2,2019
381,2020-12-22,Tuesday,False,2020-12,2,2020
382,2020-06-03,Wednesday,False,2020-06,2,2020
383,2020-03-16,Monday,False,2020-03,1,2020
384,2020-08-28,Friday,False,2020-08,2,2020
385,2020-05-22,Friday,False,2020-05,1,2020
386,2020-11-21,Saturday,False,2020-11,2,2020
387,2020-06-08,Monday,False,2020-06,2,2020
388,2020-09-12,Saturday,False,2020-09,2,2020
389,2019-12-27,Friday,False,2019-12,2,2019
390,2020-04-16,Thursday,False,2020-04,1,2020
391,2020-06-07,Sunday,False,2020-06,2,2020
392,2021-01-15,Friday,False,2021-01,1,2021
393,2020-10-18,Sunday,False,2020-10,2,2020
394,2020-07-10,Friday,False,2020-07,2,2020
395,2020-09-24,Thursday,False,2020-09,2,2020
396,2019-10-25,Friday,False,2019-10,2,2019
397,2020-11-15,Sunday,False,2020-11,2,2020
398,2020-08-16,Sunday,False,2020-08,2,2020
399,2021-02-07,Sunday,False,2021-02,1,2021
400,2020-04-15,Wednesday,False,2020-04,1,2020
401,2020-02-05,Wednesday,False,2020-02,1,2020
402,2019-11-08,Friday,False,2019-11,2,2019
403,2020-02-19,Wednesday,False,2020-02,1,2020
404,2019-12-11,Wednesday,False,2019-12,2,2019
405,2020-01-01,Wednesday,True,2020-01,1,2020
406,2020-06-13,Saturday,False,2020-06,2,2020
407,2020-01-24,Friday,False,2020-01,1,2020
408,2021-01-25,Monday,False,2021-01,1,2021
409,2019-11-15,Friday,False,2019-11,2,2019
410,2020-11-30,Monday,False,2020-11,2,2020
411,2020-11-09,Monday,False,2020-11,2,2020
412,2020-11-05,Thursday,False,2020-11,2,2020
413,2020-04-22,Wednesday,False,2020-04,1,2020
414,2020-06-17,Wednesday,False,2020-06,2,2020
415,2019-10-30,Wednesday,False,2019-10,2,2019
416,2020-06-23,Tuesday,False,2020-06,2,2020
417,2020-12-02,Wednesday,False,2020-12,2,2020
418,2020-12-16,Wednesday,False,2020-12,2,2020
419,2020-11-09,Monday,False,2020-11,2,2020
420,2019-12-31,Tuesday,False,2019-12,2,2019
421,2020-11-29,Sunday,False,2020-11,2,2020
422,2020-03-31,Tuesday,False,2020-03,1,2020
423,2019-12-19,Thursday,False,2019-12,2,2019
424,2020-01-19,Sunday,False,2020-01,1,2020
425,2020-04-20,Monday,False,2020-04,1,2020
426,2020-01-17,Friday,False,2020-01,1,2020
427,2020-10-07,Wednesday,False,2020-10,2,2020
428,2020-07-03,Friday,False,2020-07,2,2020
429,2019-11-14,Thursday,False,2019-11,2,2019
430,2019-12-27,Friday,False,2019-12,2,2019
431,2020-09-11,Friday,False,2020-09,2,2020
432,2021-02-18,Thursday,False,2021-02,1,2021
433,2019-11-06,Wednesday,False,2019-11,2,2019
434,2020-08-16,Sunday,False,2020-08,2,2020
435,2020-12-12,Saturday,False,2020-12,2,2020
436,2020-11-23,Monday,False,2020-11,2,2020
437,2021-02-28,Sunday,False,2021-02,1,2021
438,2020-07-09,Thursday,False,2020-07,2,2020
439,2019-11-26,Tuesday,False,2019-11,2,2019
440,2020-06-22,Monday,False,2020-06,2,2020
441,2020-10-14,Wednesday,False,2020-10,2,2020
442,2020-03-26,Thursday,False,2020-03,1,2020
443,2020-01-06,Monday,True,2020-01,1,2020
444,2019-11-06,Wednesday,False,2019-11,2,2019
445,2020-04-07,Tuesday,False,2020-04,1,2020
446,2020-03-04,Wednesday,False,2020-03,1,2020
447,2021-01-11,Monday,False,2021-01,1,2021
448,2021-02-26,Friday,False,2021-02,1,2021
449,2020-12-30,Wednesday,False,2020-12,2,2020
450,2020-06-04,Thursday,False,2020-06,2,2020
451,2019-11-25,Monday,False,2019-11,2,2019
452,2020-10-20,Tuesday,False,2020-10,2,2020
453,2021-01-25,Monday,False,2021-01,1,2021
454,2020-09-30,Wednesday,False,2020-09,2,2020
455,2021-01-01,Friday,True,2021-01,1,2021
456,2021-01-24,Sunday,False,2021-01,1,2021
457,2020-03-08,Sunday,False,2020-03,1,2020
458,2020-03-22,Sunday,False,2020-03,1,2020
459,2021-01-02,Saturday,False,2021-01,1,2021
460,2019-11-03,Sunday,False,2019-11,2,2019
461,2019-12-22,Sunday,False,2019-12,2,2019
462,2020-06-30,Tuesday,False,2020-06,2,2020
463,2020-08-17,Monday,False,2020-08,2,2020
464,2019-11-13,Wednesday,False,2019-11,2,2019
465,2020-05-30,Saturday,False,2020-05,1,2020
466,2020-07-16,Thursday,False,2020-07,2,2020
467,2019-12-12,Thursday,False,2019-12,2,2019
468,2020-12-20,Sunday,False,2020-12,2,2020
469,2020-05-18,Monday,False,2020-05,1,2020
470,2020-06-11,Thursday,False,2020-06,2,2020
471,2019-12-04,Wednesday,False,2019-12,2,2019
472,2020-08-14,Friday,False,2020-08,2,2020
473,2020-07-09,Thursday,False,2020-07,2,2020
474,2019-11-17,Sunday,False,2019-11,2,2019
475,2021-01-05,Tuesday,False,2021-01,1,2021
476,2020-12-10,Thursday,False,2020-12,2,2020
477,2019-11-06,Wednesday,False,2019-11,2,2019
478,2020-01-16,Thursday,False,2020-01,1,2020
479,2020-08-19,Wednesday,False,2020-08,2,2020
480,2020-01-15,Wednesday,False,2020-01,1,2020
481,2020-09-15,Tuesday,False,2020-09,2,2020
482,2021-02-14,Sunday,False,2021-02,1,2021
483,2019-11-01,Friday,True,2019-11,2,2019
484,2021-02-05,Friday,False,2021-02,1,2021
485,2020-04-12,Sunday,True,2020-04,1,2020
486,2020-09-23,Wednesday,False,2020-09,2,2020
487,2020-01-16,Thursday,False,2020-01,1,2020
488,2020-08-08,Saturday,False,2020-08,2,2020
489,2020-12-21,Monday,False,2020-12,2,2020
490,2020-08-04,Tuesday,False,2020-08,2,2020
491,2020-03-25,Wednesday,False,2020-03,1,2020
492,2020-12-05,Saturday,False,2020-12,2,2020
493,2020-05-20,Wednesday,False,2020-05,1,2020
494,2020-12-23,Wednesday,False,2020-12,2,2020
495,2020-09-20,Sunday,False,2020-09,2,2020
496,2019-11-06,Wednesday,False,2019-11,2,2019
497,2020-02-09,Sunday,False,2020-02,1,2020
498,2021-02-22,Monday,False,2021-02,1,2021
499,2020-09-04,Friday,False,2020-09,2,2020
500,2020-09-11,Friday,False,2020-09,2,2020
501,2020-01-22,Wednesday,False,2020-01,1,2020
502,2020-06-13,Saturday,False,2020-06,2,2020
503,2020-05-21,Thursday,False,2020-05,1,2020
504,2020-08-27,Thursday,False,2020-08,2,2020
505,2020-10-25,Sunday,False,2020-10,2,2020
506,2020-09-19,Saturday,False,2020-09,2,2020
507,2021-02-21,Sunday,False,2021-02,1,2021
508,2019-10-25,Friday,False,2019-10,2,2019
509,2021-02-12,Friday,False,2021-02,1,2021
510,2020-01-14,Tuesday,False,2020-01,1,2020
511,2020-08-07,Friday,False,2020-08,2,2020
512,2020-01-26,Sunday,False,2020-01,1,2020
513,2020-06-27,Saturday,False,2020-06,2,2020
514,2020-09-15,Tuesday,False,2020-09,2,2020
515,2019-12-12,Thursday,False,2019-12,2,2019
516,2020-07-06,Monday,False,2020-07,2,2020
517,2020-01-29,Wednesday,False,2020-01,1,2020
518,2020-05-30,Saturday,False,2020-05,1,2020
519,2019-11-25,Monday,False,2019-11,2,2019
520,2020-04-02,Thursday,False,2020-04,1,2020
521,2020-10-27,Tuesday,False,2020-10,2,2020
522,2020-09-20,Sunday,False,2020-09,2,2020
523,2021-01-19,Tuesday,False,2021-01,1,2021
524,2019-12-29,Sunday,False,2019-12,2,2019
525,2020-03-27,Friday,False,2020-03,1,2020
526,2020-03-26,Thursday,False,2020-03,1,2020
527,2020-03-09,Monday,False,2020-03,1,2020
528,2020-09-24,Thursday,False,2020-09,2,2020
529,2020-12-10,Thursday,False,2020-12,2,2020
530,2019-11-14,Thursday,False,2019-11,2,2019
531,2020-08-03,Monday,False,2020-08,2,2020
532,2020-11-08,Sunday,False,2020-11,2,2020
533,2020-08-17,Monday,False,2020-08,2,2020
534,2019-10-31,Thursday,False,2019-10,2,2019
535,2020-08-26,Wednesday,False,2020-08,2,2020
536,2020-09-14,Monday,False,2020-09,2,2020
537,2020-05-07,Thursday,False,2020-05,1,2020
538,2020-04-06,Monday,False,2020-04,1,2020
539,2021-02-12,Friday,False,2021-02,1,2021
540,2020-11-12,Thursday,False,2020-11,2,2020
541,2020-11-24,Tuesday,False,2020-11,2,2020
542,2020-10-23,Friday,False,2020-10,2,2020
543,2020-03-15,Sunday,False,2020-03,1,2020
544,2020-04-15,Wednesday,False,2020-04,1,2020
545,2021-02-15,Monday,False,2021-02,1,2021
546,2020-11-17,Tuesday,False,2020-11,2,2020
547,2020-06-02,Tuesday,True,2020-06,2,2020
548,2020-04-28,Tuesday,False,2020-04,1,2020
549,2021-01-05,Tuesday,False,2021-01,1,2021
550,2020-05-18,Monday,False,2020-05,1,2020
551,2020-03-01,Sunday,False,2020-03,1,2020
552,2020-06-24,Wednesday,False,2020-06,2,2020
553,2020-08-25,Tuesday,False,2020-08,2,2020
554,2021-01-14,Thursday,False,2021-01,1,2021
555,2020-08-02,Sunday,False,2020-08,2,2020
556,2020-08-31,Monday,False,2020-08,2,2020
557,2021-02-27,Saturday,False,2021-02,1,2021
558,2020-04-25,Saturday,True,2020-04,1,2020
559,2020-01-16,Thursday,False,2020-01,1,2020
560,2020-09-11,Friday,False,2020-09,2,2020
561,2020-09-20,Sunday,False,2020-09,2,2020
562,2020-09-20,Sunday,False,2020-09,2,2020
563,2020-08-03,Monday,False,2020-08,2,2020
564,2020-01-31,Friday,False,2020-01,1,2020
565,2020-08-06,Thursday,False,2020-08,2,2020
566,2020-09-11,Friday,False,2020-09,2,2020
567,2019-11-15,Friday,False,2019-11,2,2019
568,2019-12-04,Wednesday,False,2019-12,2,2019
569,2020-08-13,Thursday,False,2020-08,2,2020
570,2019-10-26,Saturday,False,2019-10,2,2019
571,2021-01-11,Monday,False,2021-01,1,2021
572,2020-07-06,Monday,False,2020-07,2,2020
573,2021-02-23,Tuesday,False,2021-02,1,2021
574,2020-02-29,Saturday,False,2020-02,1,2020
575,2020-11-16,Monday,False,2020-11,2,2020
576,2020-10-31,Saturday,False,2020-10,2,2020
577,2020-07-09,Thursday,False,2020-07,2,2020
578,2020-03-28,Saturday,False,2020-03,1,2020
579,2020-08-08,Saturday,False,2020-08,2,2020
580,2020-02-06,Thursday,False,2020-02,1,2020
581,2019-12-11,Wednesday,False,2019-12,2,2019
582,2020-10-22,Thursday,False,2020-10,2,2020
583,2020-09-08,Tuesday,False,2020-09,2,2020
584,2021-02-10,Wednesday,False,2021-02,1,2021
585,2021-01-21,Thursday,False,2021-01,1,2021
586,2020-07-30,Thursday,False,2020-07,2,2020
587,2021-02-10,Wednesday,False,2021-02,1,2021
588,2019-11-11,Monday,False,2019-11,2,2019
589,2020-10-08,Thursday,False,2020-10,2,2020
590,2020-05-31,Sunday,False,2020-05,1,2020
591,2020-04-14,Tuesday,False,2020-04,1,2020
592,2020-11-14,Saturday,False,2020-11,2,2020
593,2020-01-29,Wednesday,False,2020-01,1,2020
594,2021-03-04,Thursday,False,2021-03,1,2021
595,2021-02-24,Wednesday,False,2021-02,1,2021
596,2020-10-10,Saturday,False,2020-10,2,2020
597,2020-01-16,Thursday,False,2020-01,1,2020
598,2020-08-12,Wednesday,False,2020-08,2,2020
599,2020-01-18,Saturday,False,2020-01,1,2020
600,2021-01-13,Wednesday,False,2021-01,1,2021
601,2020-08-23,Sunday,False,2020-08,2,2020
602,2020-02-18,Tuesday,False,2020-02,1,2020
603,2020-09-07,Monday,False,2020-09,2,2020
604,2020-09-05,Saturday,False,2020-09,2,2020
605,2019-10-31,Thursday,False,2019-10,2,2019
606,2020-03-02,Monday,False,2020-03,1,2020
607,2020-05-18,Monday,False,2020-05,1,2020
608,2020-01-23,Thursday,False,2020-01,1,2020
609,2020-12-18,Friday,False,2020-12,2,2020
610,2020-10-09,Friday,False,2020-10,2,2020
611,2020-04-11,Saturday,False,2020-04,1,2020
612,2020-08-31,Monday,False,2020-08,2,2020
613,2020-06-19,Friday,False,2020-06,2,2020
614,2019-10-27,Sunday,False,2019-10,2,2019
615,2020-07-05,Sunday,False,2020-07,2,2020
616,2020-12-14,Monday,False,2020-12,2,2020
617,2019-12-14,Saturday,False,2019-12,2,2019
618,2020-10-09,Friday,False,2020-10,2,2020
619,2020-06-20,Saturday,False,2020-06,2,2020
620,2020-01-10,Friday,False,2020-01,1,2020
621,2020-10-11,Sunday,False,2020-10,2,2020
622,2020-03-04,Wednesday,False,2020-03,1,2020
623,2019-12-23,Monday,False,2019-12,2,2019
624,2020-06-20,Saturday,False,2020-06,2,2020
625,2020-10-18,Sunday,False,2020-10,2,2020
626,2020-08-10,Monday,False,2020-08,2,2020
627,2020-10-22,Thursday,False,2020-10,2,2020
628,2021-02-14,Sunday,False,2021-02,1,2021
629,2020-11-22,Sunday,False,2020-11,2,2020
630,2019-12-17,Tuesday,False,2019-12,2,2019
631,2019-12-01,Sunday,False,2019-12,2,2019
632,2021-02-21,Sunday,False,2021-02,1,2021
633,2020-12-29,Tuesday,False,2020-12,2,2020
634,2020-06-12,Friday,False,2020-06,2,2020
635,2020-01-24,Friday,False,2020-01,1,2020
636,2020-07-27,Monday,False,2020-07,2,2020
637,2020-10-09,Friday,False,2020-10,2,2020
638,2020-09-14,Monday,False,2020-09,2,2020
639,2020-10-02,Friday,False,2020-10,2,2020
640,2019-11-02,Saturday,False,2019-11,2,2019
641,2020-11-26,Thursday,False,2020-11,2,2020
642,2021-02-21,Sunday,False,2021-02,1,2021
643,2020-12-26,Saturday,True,2020-12,2,2020
644,2020-08-06,Thursday,False,2020-08,2,2020
645,2020-11-27,Friday,False,2020-11,2,2020
646,2019-12-29,Sunday,False,2019-12,2,2019
647,2020-06-01,Monday,False,2020-06,2,2020
648,2020-03-10,Tuesday,False,2020-03,1,2020
649,2020-10-16,Friday,False,2020-10,2,2020
650,2021-02-22,Monday,False,2021-02,1,2021
651,2019-12-15,Sunday,False,2019-12,2,2019
652,2020-08-31,Monday,False,2020-08,2,2020
653,2021-01-05,Tuesday,False,2021-01,1,2021
654,2021-02-05,Friday,False,2021-02,1,2021
655,2020-11-13,Friday,False,2020-11,2,2020
656,2020-05-17,Sunday,False,2020-05,1,2020
657,2020-11-13,Friday,False,2020-11,2,2020
658,2020-07-09,Thursday,False,2020-07,2,2020
659,2020-05-04,Monday,False,2020-05,1,2020
660,2020-07-17,Friday,False,2020-07,2,2020
661,2020-10-22,Thursday,False,2020-10,2,2020
662,2020-01-03,Friday,False,2020-01,1,2020
663,2020-02-26,Wednesday,False,2020-02,1,2020
664,2020-07-17,Friday,False,2020-07,2,2020
665,2020-01-04,Saturday,False,2020-01,1,2020
666,2020-04-11,Saturday,False,2020-04,1,2020
667,2020-12-14,Monday,False,2020-12,2,2020
668,2020-08-30,Sunday,False,2020-08,2,2020
669,2020-02-05,Wednesday,False,2020-02,1,2020
670,2020-06-04,Thursday,False,2020-06,2,2020
671,2019-12-14,Saturday,False,2019-12,2,2019
672,2020-01-28,Tuesday,False,2020-01,1,2020
673,2020-11-25,Wednesday,False,2020-11,2,2020
674,2020-10-18,Sunday,False,2020-10,2,2020
675,2020-07-17,Friday,False,2020-07,2,2020
676,2020-01-04,Saturday,False,2020-01,1,2020
677,2020-12-11,Friday,False,2020-12,2,2020
678,2021-02-23,Tuesday,False,2021-02,1,2021
679,2020-07-25,Saturday,False,2020-07,2,2020
680,2021-02-25,Thursday,False,2021-02,1,2021
681,2020-01-01,Wednesday,True,2020-01,1,2020
682,2020-06-30,Tuesday,False,2020-06,2,2020
683,2020-12-02,Wednesday,False,2020-12,2,2020
684,2020-12-10,Thursday,False,2020-12,2,2020
685,2020-03-15,Sunday,False,2020-03,1,2020
686,2020-03-20,Friday,False,2020-03,1,2020
687,2020-03-29,Sunday,False,2020-03,1,2020
688,2020-06-23,Tuesday,False,2020-06,2,2020
689,2020-03-20,Friday,False,2020-03,1,2020
690,2020-04-11,Saturday,False,2020-04,1,2020
691,2020-12-19,Saturday,False,2020-12,2,2020
692,2020-06-14,Sunday,False,2020-06,2,2020
693,2020-01-13,Monday,False,2020-01,1,2020
694,2020-12-05,Saturday,False,2020-12,2,2020
695,2019-12-29,Sunday,False,2019-12,2,2019
696,2020-07-20,Monday,False,2020-07,2,2020
697,2019-11-22,Friday,False,2019-11,2,2019
698,2020-09-03,Thursday,False,2020-09,2,2020
699,2020-03-19,Thursday,False,2020-03,1,2020
700,2020-03-03,Tuesday,False,2020-03,1,2020
701,2020-03-01,Sunday,False,2020-03,1,2020
702,2020-02-14,Friday,False,2020-02,1,2020
703,2020-11-06,Friday,False,2020-11,2,2020
704,2020-09-12,Saturday,False,2020-09,2,2020
705,2019-11-22,Friday,False,2019-11,2,2019
706,2019-11-07,Thursday,False,2019-11,2,2019
707,2020-08-02,Sunday,False,2020-08,2,2020
708,2020-01-20,Monday,False,2020-01,1,2020
709,2020-05-12,Tuesday,False,2020-05,1,2020
710,2020-01-17,Friday,False,2020-01,1,2020
711,2020-06-22,Monday,False,2020-06,2,2020
712,2020-04-22,Wednesday,False,2020-04,1,2020
713,2020-01-12,Sunday,False,2020-01,1,2020
714,2020-06-27,Saturday,False,2020-06,2,2020
715,2020-10-08,Thursday,False,2020-10,2,2020
716,2020-01-13,Monday,False,2020-01,1,2020
717,2020-11-12,Thursday,False,2020-11,2,2020
718,2020-03-10,Tuesday,False,2020-03,1,2020
719,2019-12-08,Sunday,True,2019-12,2,2019
720,2020-12-22,Tuesday,False,2020-12,2,2020
721,2020-09-07,Monday,False,2020-09,2,2020
722,2020-04-01,Wednesday,False,2020-04,1,2020
723,2020-08-19,Wednesday,False,2020-08,2,2020
724,2020-11-28,Saturday,False,2020-11,2,2020
725,2020-12-02,Wednesday,False,2020-12,2,2020
726,2020-06-07,Sunday,False,2020-06,2,2020
727,2020-03-13,Friday,False,2020-03,1,2020
728,2020-02-02,Sunday,False,2020-02,1,2020
729,2020-03-09,Monday,False,2020-03,1,2020
730,2019-12-16,Monday,False,2019-12,2,2019
731,2019-11-14,Thursday,False,2019-11,2,2019
732,2020-01-30,Thursday,False,2020-01,1,2020
733,2020-03-30,Monday,False,2020-03,1,2020
734,2021-02-21,Sunday,False,2021-02,1,2021
735,2021-01-23,Saturday,False,2021-01,1,2021
736,2021-01-07,Thursday,False,2021-01,1,2021
737,2020-05-01,Friday,True,2020-05,1,2020
738,2020-04-22,Wednesday,False,2020-04,1,2020
739,2019-11-26,Tuesday,False,2019-11,2,2019
740,2021-02-15,Monday,False,2021-02,1,2021
741,2021-02-18,Thursday,False,2021-02,1,2021
742,2019-12-15,Sunday,False,2019-12,2,2019
743,2020-06-11,Thursday,False,2020-06,2,2020
744,2020-07-11,Saturday,False,2020-07,2,2020
745,2020-01-22,Wednesday,False,2020-01,1,2020
746,2020-04-17,Friday,False,2020-04,1,2020
747,2020-05-13,Wednesday,False,2020-05,1,2020
748,2020-03-04,Wednesday,False,2020-03,1,2020
749,2020-05-05,Tuesday,False,2020-05,1,2020
750,2020-06-06,Saturday,False,2020-06,2,2020
751,2020-02-10,Monday,False,2020-02,1,2020
752,2020-06-06,Saturday,False,2020-06,2,2020
753,2020-09-26,Saturday,False,2020-09,2,2020
754,2020-08-26,Wednesday,False,2020-08,2,2020
755,2020-03-21,Saturday,False,2020-03,1,2020
756,2020-03-08,Sunday,False,2020-03,1,2020
757,2021-02-28,Sunday,False,2021-02,1,2021
758,2020-08-19,Wednesday,False,2020-08,2,2020
759,2021-01-16,Saturday,False,2021-01,1,2021
760,2020-03-12,Thursday,False,2020-03,1,2020
761,2020-10-27,Tuesday,False,2020-10,2,2020
762,2020-03-01,Sunday,False,2020-03,1,2020
763,2019-11-09,Saturday,False,2019-11,2,2019
764,2020-08-28,Friday,False,2020-08,2,2020
765,2020-07-17,Friday,False,2020-07,2,2020
766,2021-01-23,Saturday,False,2021-01,1,2021
767,2020-12-27,Sunday,False,2020-12,2,2020
768,2019-11-04,Monday,False,2019-11,2,2019
769,2020-01-13,Monday,False,2020-01,1,2020
770,2020-04-26,Sunday,False,2020-04,1,2020
771,2020-08-20,Thursday,False,2020-08,2,2020
772,2020-04-22,Wednesday,False,2020-04,1,2020
773,2020-04-21,Tuesday,False,2020-04,1,2020
774,2020-11-05,Thursday,False,2020-11,2,2020
775,2019-11-14,Thursday,False,2019-11,2,2019
776,2020-06-18,Thursday,False,2020-06,2,2020
777,2020-10-01,Thursday,False,2020-10,2,2020
778,2020-02-25,Tuesday,False,2020-02,1,2020
779,2020-12-23,Wednesday,False,2020-12,2,2020
780,2020-01-17,Friday,False,2020-01,1,2020
781,2020-10-17,Saturday,False,2020-10,2,2020
782,2020-07-11,Saturday,False,2020-07,2,2020
783,2020-05-12,Tuesday,False,2020-05,1,2020
784,2020-08-10,Monday,False,2020-08,2,2020
785,2021-03-06,Saturday,False,2021-03,1,2021
786,2019-12-07,Saturday,False,2019-12,2,2019
787,2020-06-19,Friday,False,2020-06,2,2020
788,2020-08-18,Tuesday,False,2020-08,2,2020
789,2020-04-14,Tuesday,False,2020-04,1,2020
790,2020-07-09,Thursday,False,2020-07,2,2020
791,2020-08-03,Monday,False,2020-08,2,2020
792,2020-12-29,Tuesday,False,2020-12,2,2020
793,2020-04-19,Sunday,False,2020-04,1,2020
794,2021-01-29,Friday,False,2021-01,1,2021
795,2020-05-17,Sunday,False,2020-05,1,2020
796,2021-01-25,Monday,False,2021-01,1,2021
797,2020-03-31,Tuesday,False,2020-03,1,2020
798,2020-02-28,Friday,False,2020-02,1,2020
799,2020-04-19,Sunday,False,2020-04,1,2020
800,2020-11-18,Wednesday,False,2020-11,2,2020
801,2020-05-10,Sunday,False,2020-05,1,2020
802,2020-03-05,Thursday,False,2020-03,1,2020
803,2019-11-24,Sunday,False,2019-11,2,2019
804,2020-12-30,Wednesday,False,2020-12,2,2020
805,2020-05-11,Monday,False,2020-05,1,2020
806,2020-09-11,Friday,False,2020-09,2,2020
807,2020-04-24,Friday,False,2020-04,1,2020
808,2020-06-29,Monday,False,2020-06,2,2020
809,2020-02-07,Friday,False,2020-02,1,2020
810,2020-12-05,Saturday,False,2020-12,2,2020
811,2021-03-04,Thursday,False,2021-03,1,2021
812,2019-11-17,Sunday,False,2019-11,2,2019
813,2020-11-09,Monday,False,2020-11,2,2020
814,2019-10-25,Friday,False,2019-10,2,2019
815,2020-05-10,Sunday,False,2020-05,1,2020
816,2020-10-03,Saturday,False,2020-10,2,2020
817,2020-02-12,Wednesday,False,2020-02,1,2020
818,2021-01-17,Sunday,False,2021-01,1,2021
819,2020-09-13,Sunday,False,2020-09,2,2020
820,2020-08-05,Wednesday,False,2020-08,2,2020
821,2020-10-13,Tuesday,False,2020-10,2,2020
822,2020-10-31,Saturday,False,2020-10,2,2020
823,2020-04-21,Tuesday,False,2020-04,1,2020
824,2020-09-18,Friday,False,2020-09,2,2020
825,2020-12-01,Tuesday,False,2020-12,2,2020
826,2020-02-22,Saturday,False,2020-02,1,2020
827,2020-12-10,Thursday,False,2020-12,2,2020
828,2020-01-04,Saturday,False,2020-01,1,2020
829,2020-09-12,Saturday,False,2020-09,2,2020
830,2020-12-12,Saturday,False,2020-12,2,2020
831,2020-11-21,Saturday,False,2020-11,2,2020
832,2019-11-08,Friday,False,2019-11,2,2019
833,2019-12-11,Wednesday,False,2019-12,2,2019
834,2021-01-02,Saturday,False,2021-01,1,2021
835,2020-12-19,Saturday,False,2020-12,2,2020
836,2020-10-02,Friday,False,2020-10,2,2020
837,2020-01-01,Wednesday,True,2020-01,1,2020
838,2020-11-01,Sunday,True,2020-11,2,2020
839,2019-12-01,Sunday,False,2019-12,2,2019
840,2020-03-25,Wednesday,False,2020-03,1,2020
841,2019-12-19,Thursday,False,2019-12,2,2019
842,2020-03-18,Wednesday,False,2020-03,1,2020
843,2020-01-10,Friday,False,2020-01,1,2020
844,2020-10-10,Saturday,False,2020-10,2,2020
845,2019-12-30,Monday,False,2019-12,2,2019
846,2020-12-02,Wednesday,False,2020-12,2,2020
847,2020-05-27,Wednesday,False,2020-05,1,2020
848,2019-12-09,Monday,False,2019-12,2,2019
849,2021-03-06,Saturday,False,2021-03,1,2021
850,2020-06-05,Friday,False,2020-06,2,2020
851,2020-01-10,Friday,False,2020-01,1,2020
852,2020-01-13,Monday,False,2020-01,1,2020
853,2020-05-21,Thursday,False,2020-05,1,2020
854,2021-01-11,Monday,False,2021-01,1,2021
855,2020-07-22,Wednesday,False,2020-07,2,2020
856,2020-02-27,Thursday,False,2020-02,1,2020
857,2019-12-11,Wednesday,False,2019-12,2,2019
858,2019-12-26,Thursday,True,2019-12,2,2019
859,2020-09-26,Saturday,False,2020-09,2,2020
860,2020-04-11,Saturday,False,2020-04,1,2020
861,2019-12-21,Saturday,False,2019-12,2,2019
862,2019-11-21,Thursday,False,2019-11,2,2019
863,2020-03-09,Monday,False,2020-03,1,2020
864,2021-01-26,Tuesday,False,2021-01,1,2021
865,2020-07-21,Tuesday,False,2020-07,2,2020
866,2020-12-21,Monday,False,2020-12,2,2020
867,2020-01-18,Saturday,False,2020-01,1,2020
868,2020-02-18,Tuesday,False,2020-02,1,2020
869,2020-05-12,Tuesday,False,2020-05,1,2020
870,2020-11-03,Tuesday,False,2020-11,2,2020
871,2020-06-15,Monday,False,2020-06,2,2020
872,2020-11-19,Thursday,False,2020-11,2,2020
873,2020-10-12,Monday,False,2020-10,2,2020
874,2020-11-05,Thursday,False,2020-11,2,2020
875,2020-04-20,Monday,False,2020-04,1,2020
876,2019-12-06,Friday,False,2019-12,2,2019
877,2020-06-26,Friday,False,2020-06,2,2020
878,2020-09-22,Tuesday,False,2020-09,2,2020
879,2021-01-13,Wednesday,False,2021-01,1,2021
880,2020-09-21,Monday,False,2020-09,2,2020
881,2020-04-01,Wednesday,False,2020-04,1,2020
882,2020-05-11,Monday,False,2020-05,1,2020
883,2019-11-15,Friday,False,2019-11,2,2019
884,2020-10-14,Wednesday,False,2020-10,2,2020
885,2020-09-18,Friday,False,2020-09,2,2020
886,2020-11-26,Thursday,False,2020-11,2,2020
887,2019-11-05,Tuesday,False,2019-11,2,2019
888,2019-11-24,Sunday,False,2019-11,2,2019
889,2019-10-25,Friday,False,2019-10,2,2019
890,2020-08-07,Friday,False,2020-08,2,2020
891,2021-02-02,Tuesday,False,2021-02,1,2021
892,2020-10-18,Sunday,False,2020-10,2,2020
893,2020-06-01,Monday,False,2020-06,2,2020
894,2020-08-01,Saturday,False,2020-08,2,2020
895,2021-01-01,Friday,True,2021-01,1,2021
896,2020-05-21,Thursday,False,2020-05,1,2020
897,2020-01-14,Tuesday,False,2020-01,1,2020
898,2020-09-17,Thursday,False,2020-09,2,2020
899,2021-02-12,Friday,False,2021-02,1,2021
900,2019-11-16,Saturday,False,2019-11,2,2019
901,2020-01-30,Thursday,False,2020-01,1,2020
902,2020-01-25,Saturday,False,2020-01,1,2020
903,2019-11-20,Wednesday,False,2019-11,2,2019
904,2020-11-11,Wednesday,False,2020-11,2,2020
905,2020-04-23,Thursday,False,2020-04,1,2020
906,2020-12-02,Wednesday,False,2020-12,2,2020
907,2020-04-21,Tuesday,False,2020-04,1,2020
908,2020-03-15,Sunday,False,2020-03,1,2020
909,2021-01-19,Tuesday,False,2021-01,1,2021
910,2020-08-30,Sunday,False,2020-08,2,2020
911,2019-12-31,Tuesday,False,2019-12,2,2019
912,2021-02-18,Thursday,False,2021-02,1,2021
913,2020-08-21,Friday,False,2020-08,2,2020
914,2021-01-23,Saturday,False,2021-01,1,2021
915,2020-05-06,Wednesday,False,2020-05,1,2020
916,2021-02-12,Friday,False,2021-02,1,2021
917,2020-06-24,Wednesday,False,2020-06,2,2020
918,2020-03-05,Thursday,False,2020-03,1,2020
919,2020-03-21,Saturday,False,2020-03,1,2020
920,2021-01-28,Thursday,False,2021-01,1,2021
921,2020-10-18,Sunday,False,2020-10,2,2020
922,2020-02-19,Wednesday,False,2020-02,1,2020
923,2021-01-13,Wednesday,False,2021-01,1,2021
924,2020-04-20,Monday,False,2020-04,1,2020
925,2021-02-23,Tuesday,False,2021-02,1,2021
926,2021-01-14,Thursday,False,2021-01,1,2021
927,2020-05-17,Sunday,False,2020-05,1,2020
928,2020-07-03,Friday,False,2020-07,2,2020
929,2019-11-15,Friday,False,2019-11,2,2019
930,2020-08-21,Friday,False,2020-08,2,2020
931,2020-12-29,Tuesday,False,2020-12,2,2020
932,2020-09-15,Tuesday,False,2020-09,2,2020
933,2020-01-18,Saturday,False,2020-01,1,2020
934,2021-01-21,Thursday,False,2021-01,1,2021
935,2020-09-12,Saturday,False,2020-09,2,2020
936,2019-11-25,Monday,False,2019-11,2,2019
937,2020-05-11,Monday,False,2020-05,1,2020
938,2020-07-16,Thursday,False,2020-07,2,2020
939,2019-11-15,Friday,False,2019-11,2,2019
940,2020-04-05,Sunday,False,2020-04,1,2020
941,2019-12-01,Sunday,False,2019-12,2,2019
942,2020-11-20,Friday,False,2020-11,2,2020
943,2020-04-01,Wednesday,False,2020-04,1,2020
944,2019-11-03,Sunday,False,2019-11,2,2019
945,2020-05-09,Saturday,False,2020-05,1,2020
946,2020-11-13,Friday,False,2020-11,2,2020
947,2020-03-10,Tuesday,False,2020-03,1,2020
948,2021-01-02,Saturday,False,2021-01,1,2021
949,2020-01-11,Saturday,False,2020-01,1,2020
950,2020-12-07,Monday,False,2020-12,2,2020
951,2020-07-15,Wednesday,False,2020-07,2,2020
952,2019-12-18,Wednesday,False,2019-12,2,2019
953,2020-03-30,Monday,False,2020-03,1,2020
954,2021-02-13,Saturday,False,2021-02,1,2021
955,2019-12-22,Sunday,False,2019-12,2,2019
956,2020-01-14,Tuesday,False,2020-01,1,2020
957,2020-06-15,Monday,False,2020-06,2,2020
958,2020-07-22,Wednesday,False,2020-07,2,2020
959,2020-11-19,Thursday,False,2020-11,2,2020
960,2020-04-21,Tuesday,False,2020-04,1,2020
961,2020-02-27,Thursday,False,2020-02,1,2020
962,2020-10-05,Monday,False,2020-10,2,2020
963,2020-05-31,Sunday,False,2020-05,1,2020
964,2020-09-15,Tuesday,False,2020-09,2,2020
965,2021-01-04,Monday,False,2021-01,1,2021
966,2020-05-10,Sunday,False,2020-05,1,2020
967,2020-07-08,Wednesday,False,2020-07,2,2020
968,2020-03-27,Friday,False,2020-03,1,2020
969,2020-02-01,Saturday,False,2020-02,1,2020
970,2020-02-04,Tuesday,False,2020-02,1,2020
971,2020-05-26,Tuesday,False,2020-05,1,2020
972,2020-11-02,Monday,False,2020-11,2,2020
973,2020-09-29,Tuesday,False,2020-09,2,2020
974,2020-09-06,Sunday,False,2020-09,2,2020
975,2020-04-18,Saturday,False,2020-04,1,2020
976,2019-12-08,Sunday,True,2019-12,2,2019
977,2021-02-18,Thursday,False,2021-02,1,2021
978,2020-11-22,Sunday,False,2020-11,2,2020
979,2019-12-24,Tuesday,False,2019-12,2,2019
980,2020-11-14,Saturday,False,2020-11,2,2020
981,2020-06-09,Tuesday,False,2020-06,2,2020
982,2020-08-04,Tuesday,False,2020-08,2,2020
983,2019-10-31,Thursday,False,2019-10,2,2019
984,2021-02-04,Thursday,False,2021-02,1,2021
985,2021-01-16,Saturday,False,2021-01,1,2021
986,2019-12-03,Tuesday,False,2019-12,2,2019
987,2020-05-06,Wednesday,False,2020-05,1,2020
988,2020-07-21,Tuesday,False,2020-07,2,2020
989,2020-04-01,Wednesday,False,2020-04,1,2020
990,2020-07-25,Saturday,False,2020-07,2,2020
991,2020-03-31,Tuesday,False,2020-03,1,2020
992,2020-04-05,Sunday,False,2020-04,1,2020
993,2021-01-11,Monday,False,2021-01,1,2021
994,2021-01-14,Thursday,False,2021-01,1,2021
995,2020-03-10,Tuesday,False,2020-03,1,2020
996,2020-04-16,Thursday,False,2020-04,1,2020
997,2020-02-13,Thursday,False,2020-02,1,2020
998,2020-08-12,Wednesday,False,2020-08,2,2020
999,2021-02-17,Wednesday,False,2021-02,1,2021
